[
  {
    "id": "c1eb761c-43c0-4e35-9650-dc49cd5d0747",
    "data": [
      {
        "text": "My name is ",
        "userDefined": false
      },
      {
        "text": "Neha",
        "alias": "Name",
        "meta": "@Name",
        "userDefined": true
      }
    ],
    "isTemplate": false,
    "count": 0,
    "updated": 0
  },
  {
    "id": "ece9ced6-45cd-4085-a8de-e0976a38a079",
    "data": [
      {
        "text": "Neha",
        "alias": "Name",
        "meta": "@Name",
        "userDefined": true
      }
    ],
    "isTemplate": false,
    "count": 0,
    "updated": 0
  },
  {
    "id": "aa22ee19-91c9-486a-8f62-9e6b0942d228",
    "data": [
      {
        "text": "I am ",
        "userDefined": false
      },
      {
        "text": "Neha",
        "alias": "Name",
        "meta": "@Name",
        "userDefined": true
      }
    ],
    "isTemplate": false,
    "count": 0,
    "updated": 0
  }
]