[
  {
    "id": "7cb2e9c3-88bc-4e7f-acb0-13181c79bb47",
    "data": [
      {
        "text": "appointment details?",
        "userDefined": false
      }
    ],
    "isTemplate": false,
    "count": 0,
    "updated": 0
  },
  {
    "id": "f7496104-dcbc-4a55-b6fe-0e001d2faba2",
    "data": [
      {
        "text": "appointment details",
        "userDefined": false
      }
    ],
    "isTemplate": false,
    "count": 0,
    "updated": 0
  },
  {
    "id": "4a420dad-2468-4db3-8df7-258e38a517a2",
    "data": [
      {
        "text": "Doctor ",
        "userDefined": false
      },
      {
        "text": "and",
        "alias": "t1",
        "meta": "@T1",
        "userDefined": false
      },
      {
        "text": " appointment details?",
        "userDefined": false
      }
    ],
    "isTemplate": false,
    "count": 0,
    "updated": 0
  },
  {
    "id": "b914b023-b988-4e62-8e59-84146af0b2b1",
    "data": [
      {
        "text": "Can you tell the doctor ",
        "userDefined": false
      },
      {
        "text": "and",
        "alias": "t1",
        "meta": "@T1",
        "userDefined": false
      },
      {
        "text": " his appointment details?",
        "userDefined": false
      }
    ],
    "isTemplate": false,
    "count": 0,
    "updated": 0
  }
]