[
  {
    "id": "ca9db621-fa51-42ca-b849-0e3cab486ba0",
    "data": [
      {
        "text": "start",
        "userDefined": false
      }
    ],
    "isTemplate": false,
    "count": 0,
    "updated": 0
  },
  {
    "id": "ddbff6c7-f8d3-4c3f-8600-4aa53cce1f33",
    "data": [
      {
        "text": "please",
        "userDefined": false
      }
    ],
    "isTemplate": false,
    "count": 0,
    "updated": 0
  },
  {
    "id": "0cbc1b9c-a64a-41fd-bebb-3e19226fc6e7",
    "data": [
      {
        "text": "ok",
        "userDefined": false
      }
    ],
    "isTemplate": false,
    "count": 0,
    "updated": 0
  },
  {
    "id": "ea0ad28b-7123-4bc4-b869-e8347c0dab13",
    "data": [
      {
        "text": "Sure",
        "userDefined": false
      }
    ],
    "isTemplate": false,
    "count": 0,
    "updated": 0
  }
]