[
  {
    "id": "677f1f39-c632-4fc1-a326-82b322d80480",
    "data": [
      {
        "text": "please",
        "userDefined": false
      }
    ],
    "isTemplate": false,
    "count": 0,
    "updated": 0
  },
  {
    "id": "a4015fee-0bbc-4b89-a73c-052c1c62658f",
    "data": [
      {
        "text": "ok",
        "userDefined": false
      }
    ],
    "isTemplate": false,
    "count": 0,
    "updated": 0
  },
  {
    "id": "b6fb2fe6-5d4d-4721-be02-346f12bcb9ea",
    "data": [
      {
        "text": "Sure",
        "userDefined": false
      }
    ],
    "isTemplate": false,
    "count": 0,
    "updated": 0
  }
]