[
  {
    "id": "200e40bd-81bd-420e-864b-e310a58841e6",
    "data": [
      {
        "text": "N",
        "alias": "T1",
        "meta": "@T1",
        "userDefined": true
      }
    ],
    "isTemplate": false,
    "count": 0,
    "updated": 0
  },
  {
    "id": "e261a7e1-0098-47ec-b61e-fc2f5acc6840",
    "data": [
      {
        "text": "No",
        "alias": "T1",
        "meta": "@T1",
        "userDefined": true
      }
    ],
    "isTemplate": false,
    "count": 0,
    "updated": 0
  },
  {
    "id": "f95fe3be-d681-45b1-9f95-c3b31138a104",
    "data": [
      {
        "text": "Y",
        "alias": "T1",
        "meta": "@T1",
        "userDefined": true
      }
    ],
    "isTemplate": false,
    "count": 0,
    "updated": 0
  },
  {
    "id": "6f503acd-6df5-41e6-b0fb-dd1c3bbc6a77",
    "data": [
      {
        "text": "Yes",
        "alias": "T1",
        "meta": "@T1",
        "userDefined": true
      }
    ],
    "isTemplate": false,
    "count": 0,
    "updated": 0
  }
]