[
  {
    "id": "02abd893-c820-467a-834e-ddc46c56a3bf",
    "data": [
      {
        "text": "Yes",
        "alias": "A1",
        "meta": "@sys.any",
        "userDefined": true
      },
      {
        "text": ". I have ",
        "userDefined": false
      },
      {
        "text": "sore throat",
        "alias": "Symptom",
        "meta": "@Symptom",
        "userDefined": true
      }
    ],
    "isTemplate": false,
    "count": 0,
    "updated": 0
  },
  {
    "id": "de2214f9-383c-481e-943b-4b68e167126c",
    "data": [
      {
        "text": "fever",
        "alias": "Symptom",
        "meta": "@Symptom",
        "userDefined": true
      },
      {
        "text": ", ",
        "userDefined": false
      },
      {
        "text": "cough",
        "alias": "Symptom",
        "meta": "@Symptom",
        "userDefined": true
      }
    ],
    "isTemplate": false,
    "count": 0,
    "updated": 0
  },
  {
    "id": "b79cbbf7-8ee8-4133-aea8-db7728c19eb9",
    "data": [
      {
        "text": "fever",
        "alias": "Symptom",
        "meta": "@Symptom",
        "userDefined": true
      },
      {
        "text": ", ",
        "userDefined": false
      },
      {
        "text": "cough",
        "alias": "Symptom",
        "meta": "@Symptom",
        "userDefined": true
      },
      {
        "text": ", ",
        "userDefined": false
      },
      {
        "text": "sore throat",
        "alias": "Symptom",
        "meta": "@Symptom",
        "userDefined": true
      }
    ],
    "isTemplate": false,
    "count": 0,
    "updated": 0
  },
  {
    "id": "ea184a2d-cd4b-4a45-8b33-eb5d848ca983",
    "data": [
      {
        "text": "I have ",
        "userDefined": false
      },
      {
        "text": "sore throat",
        "alias": "Symptom",
        "meta": "@Symptom",
        "userDefined": true
      }
    ],
    "isTemplate": false,
    "count": 0,
    "updated": 0
  },
  {
    "id": "3e710868-1ed8-44d0-80e2-a239f4a61fff",
    "data": [
      {
        "text": "sore throat",
        "alias": "Symptom",
        "meta": "@Symptom",
        "userDefined": true
      }
    ],
    "isTemplate": false,
    "count": 0,
    "updated": 0
  }
]