[
  {
    "id": "48a1a17f-216c-4ed6-b6c5-859cfa1bed42",
    "data": [
      {
        "text": "Yes",
        "alias": "A2",
        "meta": "@sys.any",
        "userDefined": true
      }
    ],
    "isTemplate": false,
    "count": 0,
    "updated": 0
  },
  {
    "id": "20b8a810-d119-476a-a225-bdb5d3932b5e",
    "data": [
      {
        "text": "Yes",
        "alias": "A2",
        "meta": "@sys.any",
        "userDefined": true
      },
      {
        "text": ". ",
        "userDefined": false
      },
      {
        "text": "Struggling to breathe",
        "alias": "T2",
        "meta": "@T2",
        "userDefined": true
      }
    ],
    "isTemplate": false,
    "count": 0,
    "updated": 0
  },
  {
    "id": "b38ef964-c374-443f-a79a-aab94a300aa3",
    "data": [
      {
        "text": "Struggling to breathe",
        "alias": "T2",
        "meta": "@T2",
        "userDefined": true
      }
    ],
    "isTemplate": false,
    "count": 0,
    "updated": 0
  },
  {
    "id": "add39ffb-1679-445d-b653-ef7c0c42c36e",
    "data": [
      {
        "text": " i have ",
        "userDefined": false
      },
      {
        "text": "Struggling to breathe",
        "alias": "T2",
        "meta": "@T2",
        "userDefined": true
      }
    ],
    "isTemplate": false,
    "count": 0,
    "updated": 0
  }
]