[
  {
    "id": "fc92f531-4495-4edb-aec5-54e6cd85c979",
    "data": [
      {
        "text": "Yes",
        "alias": "t1",
        "meta": "@T1",
        "userDefined": false
      },
      {
        "text": ". Book appointment",
        "userDefined": false
      }
    ],
    "isTemplate": false,
    "count": 0,
    "updated": 0
  },
  {
    "id": "0fc7164d-f343-4ad2-beb9-be1010be97b8",
    "data": [
      {
        "text": "Book appointment",
        "userDefined": false
      }
    ],
    "isTemplate": false,
    "count": 0,
    "updated": 0
  },
  {
    "id": "7ea2ad46-40d1-4c9e-aca0-8a16bafa7bbe",
    "data": [
      {
        "text": "Yes",
        "alias": "t1",
        "meta": "@T1",
        "userDefined": false
      }
    ],
    "isTemplate": false,
    "count": 0,
    "updated": 0
  },
  {
    "id": "8dc126e5-fe67-4a11-9002-ba2f8c3a9415",
    "data": [
      {
        "text": "Yes",
        "alias": "t1",
        "meta": "@T1",
        "userDefined": false
      },
      {
        "text": ". I want to",
        "userDefined": false
      }
    ],
    "isTemplate": false,
    "count": 0,
    "updated": 0
  }
]