[
  {
    "id": "e815d1fa-de53-4278-9a6e-f41a349e9f35",
    "data": [
      {
        "text": "Yes",
        "userDefined": false
      }
    ],
    "isTemplate": false,
    "count": 0,
    "updated": 0
  },
  {
    "id": "bba21082-067a-4b5a-910d-705680b6713f",
    "data": [
      {
        "text": "start assessment",
        "userDefined": false
      }
    ],
    "isTemplate": false,
    "count": 0,
    "updated": 0
  },
  {
    "id": "6de622d0-23e3-4cd9-855c-ea588fc84807",
    "data": [
      {
        "text": "assessment",
        "userDefined": false
      }
    ],
    "isTemplate": false,
    "count": 0,
    "updated": 0
  },
  {
    "id": "18d6c15d-7cda-4768-8496-905b857e334f",
    "data": [
      {
        "text": "Please do my assessment",
        "userDefined": false
      }
    ],
    "isTemplate": false,
    "count": 0,
    "updated": 0
  },
  {
    "id": "c9ceacc3-cc6b-43c4-bc90-893bc8d062a2",
    "data": [
      {
        "text": "I want to take assessment",
        "userDefined": false
      }
    ],
    "isTemplate": false,
    "count": 0,
    "updated": 0
  }
]