[
  {
    "value": "Fever of 100.5 F  or above, or possible fever symptoms like alternating chills and sweating",
    "synonyms": [
      "fever",
      "chills"
    ]
  },
  {
    "value": "Cough",
    "synonyms": [
      "cough"
    ]
  },
  {
    "value": "Trouble breathing, shortness of breath or severe wheezing",
    "synonyms": [
      "trouble breathing",
      "shortness of breath"
    ]
  },
  {
    "value": "muscle aches",
    "synonyms": [
      "muscle aches"
    ]
  },
  {
    "value": "sore throrat",
    "synonyms": [
      "sore throrat"
    ]
  },
  {
    "value": "headache",
    "synonyms": [
      "headache"
    ]
  }
]